{"cameraMode":{"drawMode":0,"name":"Shaded","section":"Shading Mode"},"sceneLighting":true,"audioPlay":false,"sceneViewState":{"m_AlwaysRefresh":false,"showFog":true,"showSkybox":true,"showFlares":true,"showImageEffects":true,"showParticleSystems":true,"showVisualEffectGraphs":true,"m_FxEnabled":true},"in2DMode":false,"pivot":{"x":-10.949441909790039,"y":-3.5610790252685549,"z":-5.326375961303711},"rotation":{"x":-0.011175576597452164,"y":-0.933211088180542,"z":0.35800155997276308,"w":-0.029133906587958337},"size":33.38570785522461,"orthographic":false}